su (14)$$$his, her, their, your (Ud.)
lo (20)$$$the (+ neuter)
todo, toda (22)$$$all, every
más (24)$$$more
este, esta (29)$$$this
estos, estas (29)$$$these
otro, otra (31)$$$other, another
ese, esa (32)$$$that
esos, esas (32)$$$those
mucho, mucha (45)$$$much, many, a lot of, lots
mi (49)$$$my
alguno, alguna (50)$$$some, any
mismo, misma (51)$$$same
primero, primera (60)$$$ﬁrst
grande (62)$$$large, great, big
poco, poca (74)$$$little, few
tanto, tanta (79)$$$so much, so many
nuestro, nuestra (82)$$$our
cada (96)$$$each, every
menos (98)$$$less, fewer
nuevo, nueva (99)$$$new
aquel, aquella (107)$$$that over there
aquellos, aquellas (107)$$$those over there
bueno, buena (115)$$$good
tal (120)$$$such, such a
mejor (121)$$$best, better
cierto, cierta (123)$$$certain, sure, true
mayor (138)$$$larger, older, main
último, última (139)$$$last, ﬁnal
propio, propia (140)$$$own, proper, typical
ninguno, ninguna (144)$$$no, any
cualquier (149)$$$any
solo, sola (160)$$$lonely, alone
largo, larga (175)$$$long
único, única (181)$$$only, unique, sole
pequeño, pequeña (184)$$$little, small, young
alto, alta (185)$$$tall, high
importante (207)$$$important
medio, media (208)$$$half, middle
cuanto, cuanta (213)$$$as many, whatever
humano, humana (218)$$$human
varios (224)$$$several, various
posible (225)$$$possible
general (227)$$$general
igual (239)$$$equal, same (as)
segundo, segunda (243)$$$second
blanco, blanca (250)$$$white
distinto, distinta (254)$$$distinct, different
claro, clara (259)$$$clear
frente (260)$$$front
al frente (260)$$$in front, facing
frente a (260)$$$across from
cuyo, cuya (264)$$$whose, of whom, of which
bastante (270)$$$enough
malo, mala (275)$$$bad
social (280)$$$social
viejo, vieja (281)$$$old, aged
político, política (284)$$$political, tactful
español (285)$$$Spanish
final (307)$$$final
siguiente (309)$$$following, next
demás (312)$$$the rest, others
difícil (314)$$$difﬁcult, hard
negro, negra (317)$$$black
necesario, necesaria (322)$$$necessary
menor (334)$$$younger, youngest
demasiado, demasiada (335)$$$too much, too many
antiguo, antigua (348)$$$old, ancient, former
tu (349)$$$your (singular, familiar)
especial (364)$$$special
diferente (365)$$$different, separate
anterior (370)$$$previous, preceding
pobre (373)$$$poor
tercero, tercera (394)$$$third
capaz (411)$$$capable, able
bajo, baja (412)$$$short, low
libre (413)$$$free, vacant
natural (414)$$$natural
verdadero, verdadera (420)$$$true, real
económico, económica (426)$$$economic
común (438)$$$common
abierto, abierta (439)$$$open, unlocked
próximo, próxima (440)$$$next
joven (442)$$$young
pasado, pasada (445)$$$past, last
vivo, viva (453)$$$alive, bright
completo, completa (458)$$$complete
contrario, contraria (460)$$$contrary, opposite
real (462)$$$royal, real, authentic
público, pública (465)$$$public
enorme (471)$$$enormous, vast
ambos, ambas (488)$$$both
profundo, profunda (489)$$$deep, profound
principal (496)$$$main, principal
nacional (507)$$$national
lleno, llena (508)$$$full, ﬁlled
supuesto, supuesta (511)$$$supposed
fácil (514)$$$easy
rojo, roja (533)$$$red
superior (535)$$$superior, upper
corto, corta (537)$$$short, brief
conocido, conocida (540)$$$known, well-known
serio, seria (545)$$$serious
suﬁciente (547)$$$sufﬁcient, enough
grave (548)$$$serious, solemn
extraño, extraña (551)$$$strange, foreign
absoluto, absoluta (574)$$$absolute
personal (590)$$$personal
imposible (592)$$$impossible
inglés (608)$$$English
duro, dura (615)$$$hard
rico, rica (627)$$$rich, tasty
total (629)$$$total, entire
puro, pura (637)$$$pure, clean
profesional (640)$$$professional
físico, física (643)$$$physical
francés (646)$$$French
rápido, rápida (652)$$$quick, fast
simple (661)$$$simple, mere, simple-minded
normal (664)$$$normal, usual, regular
moderno, moderna (671)$$$modern
actual (676)$$$current
pleno, plena (679)$$$complete, full
cerrado, cerrada (680)$$$closed
muerto, muerta (687)$$$dead
dispuesto, dispuesta (690)$$$willing, ready
enfermo, enferma (698)$$$ill, sick
privado, privada (706)$$$private
popular (709)$$$popular
famoso, famosa (713)$$$famous, well-known
cuánto, cuánta (723)$$$how much?
inmediato, inmediata (724)$$$immediate
junto, junta (729)$$$together
directo, directa (733)$$$direct, straight
preciso, precisa (739)$$$precise, necessary
diverso, diversa (740)$$$different, several, diverse
familiar (744)$$$familiar, of the family
entero, entera (760)$$$entire, whole, complete
interesante (762)$$$interesting
amplio, amplia (763)$$$wide, ample, broad
ﬁnal (771)$$$ﬁnal
civil (774)$$$civil
interno, interna (783)$$$internal
deﬁnitivo, definitiva (803)$$$deﬁnitive, conclusive
perfecto, perfecta (810)$$$perfect
parecido, parecida (837)$$$similar
raro, rara (849)$$$strange, rare, scarce
particular (854)$$$particular, peculiar
militar (856)$$$military
unido, unida (858)$$$united
extraordinario, extraordinaria (860)$$$extraordinary, exceptional
verde (878)$$$green
exacto, exacta (879)$$$exact, faithful, true
religioso, religiosa (886)$$$religious
oscuro, oscura (888)$$$dark, obscure
cuarto, cuarta (897)$$$fourth
azul (904)$$$blue
frío, fría (907)$$$cold
concreto, concreta (909)$$$concrete, real
derecho, derecha (912)$$$right, straight
sencillo, sencilla (922)$$$simple, plain, easy
determinado, determinada (927)$$$determined, ﬁxed
perdido, perdida (931)$$$lost
cercano, cercana (942)$$$near
adecuado, adecuada (948)$$$adequate, suitable
italiano, italiana (953)$$$Italian
responsable (955)$$$responsible
feliz (956)$$$happy, fortunate
alemán (963)$$$German
dado, dada (968)$$$given
diario, diaria (979)$$$daily
histórico, histórica (980)$$$historical
debido, debida (981)$$$due
mínimo, mínima (990)$$$minimum
doble (1002)$$$double
fuerte (1010)$$$strong
constante (1034)$$$constant
semejante (1039)$$$similar, such, alike
extranjero, extranjera (1042)$$$foreign, alien
evidente (1051)$$$evident, obvious
ﬁjo, fija (1061)$$$ﬁxed, steady
central (1062)$$$central
preparado, preparada (1067)$$$prepared
inmenso, inmensa (1074)$$$immense, vast, huge
moral (1082)$$$moral
curioso, curiosa (1084)$$$curious, strange
fundamental (1086)$$$fundamental
presente (1088)$$$present, current
máximo, máxima (1089)$$$maximum
europeo, europea (1092)$$$European
oﬁcial (1099)$$$ofﬁcial, authorized
numeroso, numerosa (1101)$$$numerous
intelectual (1103)$$$intellectual
escaso, escasa (1110)$$$scarce, very little
cristiano, cristiana (1114)$$$Christian
seguro, segura (1118)$$$safe, sure, secure
intenso, intensa (1119)$$$intense, acute
peligroso, peligrosa (1127)$$$dangerous
lento, lenta (1128)$$$slow
falso, falsa (1140)$$$false, untrue
tranquilo, tranquila (1144)$$$calm, tranquil, relaxed
lejano, lejana (1152)$$$distant
breve (1153)$$$brief, short
exterior (1163)$$$exterior, outside
médico, médica (1170)$$$medical
ajeno, ajena (1175)$$$not belonging to, detached
seco, seca (1178)$$$dry, arid
quinto, quinta (1179)$$$ﬁfth
infantil (1186)$$$of children, childlike, infantile
internacional (1189)$$$international
original (1191)$$$original
útil (1195)$$$useful
tremendo, tremenda (1198)$$$tremendous, dreadful, huge
temprano, temprana (1200)$$$early
separado, separada (1208)$$$separate
lógico, lógica (1214)$$$logical
auténtico, auténtica (1223)$$$authentic
hermoso, hermosa (1224)$$$beautiful, lovely
terrible (1228)$$$terrible
sentado, sentada (1231)$$$seated
correcto, correcta (1234)$$$correct, suitable
permanente (1239)$$$permanent
norteamericano, norteamericana (1246)$$$North American
comercial (1253)$$$commercial, shopping
obligado, obligada (1255)$$$obliged, required
americano, americana (1261)$$$American
interior (1263)$$$interior, inside
práctico, práctica (1270)$$$practical, skillful
excelente (1273)$$$excellent
cultural (1277)$$$cultural
complejo, compleja (1278)$$$complex, complicated
débil (1284)$$$weak
independiente (1291)$$$independent, self-sufﬁcient
convencido, convencida (1294)$$$convinced, persuaded
pendiente (1296)$$$aware of, pending
futuro, futura (1300)$$$future
desconocido, desconocida (1302)$$$unknown
muchísimo, muchísima (1305)$$$great many, great amount
tradicional (1309)$$$traditional
triste (1314)$$$sad, unhappy
similar (1325)$$$similar
activo, activa (1328)$$$active
clásico, clásica (1329)$$$classic
reciente (1332)$$$recent
eléctrico, eléctrica (1333)$$$electric
bello, bella (1338)$$$beautiful, ﬁne
brillante (1342)$$$brilliant, shiny, sparkling
femenino, femenina (1345)$$$feminine, female
ﬁno, fina (1348)$$$ﬁne, delicate
inferior (1350)$$$lower, inferior
positivo, positiva (1356)$$$positive
pesado, pesada (1367)$$$heavy, boring, tiresome
complicado, complicada (1368)$$$complicated, complex
loco, loca (1377)$$$crazy, insane
delicado, delicada (1380)$$$delicate
violento, violenta (1389)$$$violent
sano, sana (1394)$$$healthy, wholesome
limpio, limpia (1397)$$$clean
posterior (1399)$$$rear, backside
relacionado, relacionada (1402)$$$related, regarding
habitual (1403)$$$usual, habitual, customary
nervioso, nerviosa (1410)$$$nervous, uptight
material (1414)$$$material
consciente (1416)$$$conscious, aware
vital (1428)$$$vital, lively, essential
cotidiano, cotidiana (1434)$$$daily
previo, previa (1437)$$$previous
chino, china (1444)$$$Chinese
inteligente (1447)$$$intelligent
listo, lista (1456)$$$ready, clever, smart
correspondiente (1461)$$$corresponding
seguido, seguida (1465)$$$in a row, successive
griego, griega (1467)$$$Greek
maestro, maestra (1469)$$$master
barato, barata (1470)$$$inexpensive
notable (1475)$$$outstanding, noteworthy
encargado, encargada (1479)$$$in charge of
técnico, técnica (1480)$$$technical
ciego, ciega (1481)$$$blind
individual (1482)$$$individual
universal (1488)$$$universal
literario, literaria (1494)$$$literary
continuo, continua (1502)$$$continuous
elevado, elevada (1512)$$$elevated, high, lofty
establecido, establecida (1515)$$$established
local (1516)$$$local
vacío, vacía (1532)$$$empty, vacant
aislado, aislada (1533)$$$isolated
y pico (1553)$$$and a bit, and some
múltiple (1556)$$$multiple, many
poderoso, poderosa (1560)$$$powerful
digno, digna (1561)$$$worthy
inútil (1564)$$$useless
sólido, sólida (1569)$$$solid, strong
ﬁrme (1570)$$$ﬁrm, steady
extremo, extrema (1571)$$$extreme
conforme (1572)$$$in agreement
esencial (1573)$$$essential
amarillo, amarilla (1586)$$$yellow
acostumbrado, acostumbrada (1595)$$$accustomed
artístico, artística (1598)$$$artistic
ocupado, ocupada (1601)$$$busy, occupied
interesado, interesada (1605)$$$(self-) interested
excesivo, excesiva (1607)$$$excessive
argentino, argentina (1626)$$$Argentine
cómodo, cómoda (1627)$$$comfortable, convenient
negativo, negativa (1631)$$$negative, pessimistic
cientíﬁco, científica (1634)$$$scientiﬁc
armado, armada (1639)$$$armed
a lo largo de (1640)$$$along
contento, contenta (1642)$$$happy, content
cubierto, cubierta (1646)$$$covered
típico, típica (1651)$$$typical
crítico, crítica (1656)$$$critical
castellano, castellana (1660)$$$Castilian
vecino, vecina (1666)$$$nearby, neighboring
increíble (1669)$$$incredible, unbelievable
mental (1674)$$$mental
preocupado, preocupada (1677)$$$worried, concerned
no obstante (1679)$$$nevertheless
íntimo, íntima (1684)$$$close, intimate
estrecho, estrecha (1686)$$$narrow
frecuente (1693)$$$frequent
inevitable (1694)$$$inevitable, unavoidable
ligero, ligera (1696)$$$light, light-weight, slight
izquierdo, izquierda (1703)$$$left, opposite of right
bonito, bonita (1707)$$$pretty, nice
corriente (1709)$$$current, common
primario, primaria (1715)$$$primary
ideal (1717)$$$ideal
ancho, ancha (1720)$$$wide
agradable (1724)$$$nice, pleasant
colectivo, colectiva (1728)$$$collective, joint
secreto, secreta (1731)$$$secret
incapaz (1733)$$$incapable
satisfecho, satisfecha (1735)$$$satisﬁed
reducido, reducida (1736)$$$reduced, limited
maravilloso, maravillosa (1743)$$$wonderful, marvelous
relativo, relativa (1747)$$$relative
musical (1752)$$$musical
redondo, redonda (1757)$$$round
sujeto, sujeta (1759)$$$fastened, subject to
romano, romana (1774)$$$Roman
sagrado, sagrada (1775)$$$sacred
suave (1784)$$$soft, gentle, mild
opuesto, opuesta (1785)$$$opposite, contrary
sabio, sabia (1790)$$$wise, learned
caliente (1793)$$$hot, warm, spirited
sexual (1796)$$$sexual
respectivo, respectiva (1797)$$$respective
situado, situada (1798)$$$situated, located
rodeado, rodeada (1801)$$$surrounded
magníﬁco, magnífica (1812)$$$magniﬁcent, splendid
campesino, campesina (1815)$$$rural
efectivo, efectiva (1820)$$$effective
aplicado, aplicada (1827)$$$applied
casado, casada (1830)$$$married
severo, severa (1832)$$$severe
justo, justa (1834)$$$fair, just
precioso, preciosa (1839)$$$beautiful, precious
probable (1840)$$$probable
entendido, entendida (1852)$$$understood
avanzado, avanzada (1856)$$$advanced
latino, latina (1862)$$$Latin
espiritual (1865)$$$spiritual
limitado, limitada (1866)$$$limited
vestido, vestida (1870)$$$dressed
eterno, eterna (1872)$$$eternal
caro, cara (1876)$$$expensive, difﬁcult, dear
inicial (1879)$$$initial
dulce (1882)$$$sweet
divino, divina (1888)$$$divine
alejado, alejada (1894)$$$remote, distant, aloof
elemental (1901)$$$elemental, basic
anciano, anciana (1912)$$$elderly, aged
ﬁel (1913)$$$faithful, loyal
roto, rota (1914)$$$broken, torn
elegante (1918)$$$elegant, smart, stylish
oportuno, oportuna (1937)$$$opportune, timely
signiﬁcativo, significativa (1939)$$$signiﬁcant, meaningful
suelto, suelta (1941)$$$loose
revolucionario, revolucionaria (1947)$$$revolutionary
indispensable (1949)$$$indispensable, essential
mundial (1951)$$$worldwide
oriental (1955)$$$eastern, oriental
regular (1956)$$$regular
doméstico, doméstica (1960)$$$domestic
peor (1965)$$$worse, worst
conveniente (1970)$$$convenient
mecánico, mecánica (1973)$$$mechanical
eﬁcaz (1976)$$$effective
nocturno, nocturna (1979)$$$nocturnal, evening
radical (1987)$$$radical
decidido, decidida (1988)$$$determined, resolute
al revés (1993)$$$backwards, upside down
sucio, sucia (1994)$$$dirty, ﬁlthy, underhanded
salvaje (2001)$$$wild, savage, uncultivated
industrial (2005)$$$industrial
desnudo, desnuda (2008)$$$nude, naked
querido, querida (2009)$$$dear, beloved
absurdo, absurda (2010)$$$absurd
dramático, dramática (2011)$$$dramatic
liberal (2014)$$$liberal
legal (2017)$$$legal
artiﬁcial (2018)$$$artiﬁcial
modesto, modesta (2024)$$$modest, humble
objetivo, objetiva (2027)$$$objective, impartial
universitario, universitaria (2029)$$$university
sensible (2030)$$$sensitive, sentient
formal (2036)$$$formal, polite
primitivo, primitiva (2038)$$$primitive
oculto, oculta (2039)$$$hidden, occult
deﬁnido, definida (2043)$$$deﬁnite
externo, externa (2047)$$$external, outward
organizado, organizada (2058)$$$organized
mero, mera (2060)$$$mere
compuesto, compuesta (2062)$$$composite, mixed
solitario, solitaria (2064)$$$solitary, lonely
estricto, estricta (2079)$$$strict, rigorous
doloroso, dolorosa (2080)$$$painful
idéntico, idéntica (2085)$$$identical
previsto, prevista (2086)$$$foreseen, planned
característico, característica (2090)$$$characteristic
fresco, fresca (2124)$$$cool, healthy, fresh
atractivo, atractiva (2131)$$$attractive
católico, católica (2137)$$$Catholic
masculino, masculina (2142)$$$masculine, manly, male
cansado, cansada (2147)$$$tired, tiresome
desesperado, desesperada (2156)$$$desperate, hopeless
caído, caída (2168)$$$fallen
japonés (2169)$$$Japanese
espontáneo, espontánea (2172)$$$spontaneous
urbano, urbana (2176)$$$urban, city, urbane
valioso, valiosa (2178)$$$valuable, precious
agudo, aguda (2180)$$$sharp, acute
tonto, tonta (2191)$$$stupid, dumb
cuadrado, cuadrada (2198)$$$square
sorprendente (2203)$$$surprising, astonishing
favorable (2204)$$$favorable, suitable
culpable (2211)$$$guilty
secundario, secundaria (2213)$$$secondary
inﬁnito, infinita (2215)$$$inﬁnite
válido, válida (2216)$$$valid
gordo, gorda (2217)$$$fat, thick
desagradable (2237)$$$unpleasant
agresivo, agresiva (2242)$$$aggressive
parado, parada (2244)$$$stopped, standing
exclusivo, exclusiva (2253)$$$exclusive
prohibido, prohibida (2257)$$$prohibited
grueso, gruesa (2262)$$$thick
urgente (2265)$$$urgent
democrático, democrática (2271)$$$democratic
considerable (2283)$$$considerable
gris (2290)$$$gray, gloomy
básico, básica (2295)$$$basic, essential
abandonado, abandonada (2298)$$$abandoned
indígena (2302)$$$indigenous, native
moreno, morena (2303)$$$dark, brown
alegre (2304)$$$happy, lively, cheerful
extenso, extensa (2306)$$$extensive, large
ruso, rusa (2307)$$$Russian
remoto, remota (2313)$$$remote, far-off
comunista (2315)$$$Communist
abundante (2316)$$$abundant, plentiful
judío, judía (2319)$$$Jewish
impresionante (2320)$$$impressive, astonishing
occidental (2323)$$$occidental, western
mutuo, mutua (2326)$$$mutual
romántico, romántica (2338)$$$romantic
pintado, pintada (2347)$$$painted
distante (2351)$$$distant, far, remote
equivocado, equivocada (2353)$$$mistaken, wrong
fantástico, fantástica (2360)$$$fantastic, unreal
humilde (2367)$$$humble, modest
desarrollado, desarrollada (2369)$$$developed, grown
especíﬁco, específica (2372)$$$speciﬁc
encerrado, encerrada (2376)$$$locked (up)
injusto, injusta (2378)$$$unfair, unjust
sucesivo, sucesiva (2379)$$$successive, following
feo, fea (2381)$$$ugly, nasty, rude
orgulloso, orgullosa (2388)$$$proud, arrogant
excepcional (2392)$$$exceptional, unusual
generoso, generosa (2398)$$$generous
académico, académica (2399)$$$academic
razonable (2405)$$$reasonable
amable (2409)$$$kind, nice, friendly
rígido, rígida (2411)$$$rigid, stiff, ﬁrm
ordenado, ordenada (2417)$$$organized, clean
apropiado, apropiada (2422)$$$appropriate
resuelto, resuelta (2428)$$$resolved, determined
árabe (2433)$$$Arab
cruel (2453)$$$cruel, harsh
visible (2459)$$$visible
poquito, poquita (2463)$$$little bit
variado, variada (2464)$$$varied, mixed
repetido, repetida (2471)$$$repeated
envuelto, envuelta (2473)$$$wrapped
paralelo, paralela (2477)$$$parallel
ordinario, ordinaria (2478)$$$vulgar, ordinary
creciente (2484)$$$growing, increasing
anónimo, anónima (2499)$$$anonymous
trágico, trágica (2501)$$$tragic
riguroso, rigurosa (2528)$$$rigorous, severe
atento, atenta (2532)$$$attentive, polite
incómodo, incómoda (2535)$$$uncomfortable
inocente (2538)$$$innocent, naïve
fatal (2539)$$$fateful, deadly, awful
noble (2545)$$$noble
escondido, escondida (2546)$$$hidden
hondo, honda (2549)$$$deep
divertido, divertida (2553)$$$funny, amusing
juvenil (2561)$$$young, juvenile
ausente (2562)$$$absent
mediado, mediada (2566)$$$mid, middle
estético, estética (2569)$$$esthetic
bravo, brava (2572)$$$ﬁerce, angry
sutil (2577)$$$subtle
maduro, madura (2578)$$$mature, ripe
mezclado, mezclada (2579)$$$mixed
lindo, linda (2582)$$$pretty, nice, lovely
obvio, obvia (2586)$$$obvious
simpático, simpática (2590)$$$nice, likeable, friendly
exquisito, exquisita (2592)$$$exquisite, superb
harto, harta (2600)$$$fed up with
exagerado, exagerada (2603)$$$exaggerated
conservador (2613)$$$conservative
imprescindible (2617)$$$essential, indispensable
rural (2631)$$$rural, country
supremo, suprema (2633)$$$supreme
confuso, confusa (2634)$$$confused, mixed up
decisivo, decisiva (2638)$$$decisive, conclusive
bruto, bruta (2642)$$$brutal, coarse, clumsy
sentimental (2646)$$$sentimental
herido, herida (2647)$$$wounded, injured
luminoso, luminosa (2651)$$$bright, luminous
transparente (2657)$$$transparent, clear
aparente (2659)$$$apparent
húmedo, húmeda (2665)$$$humid, damp
leve (2671)$$$slight, triﬂing, light
realista (2678)$$$realistic
prestado, prestada (2682)$$$borrowed, lent
adulto, adulta (2685)$$$adult, grown-up
municipal (2686)$$$municipal, town
superﬁcial (2693)$$$superﬁcial
dorado, dorada (2696)$$$golden, gold-plated
favorito, favorita (2699)$$$favorite
escolar (2701)$$$school, scholastic
cálido, cálida (2704)$$$warm
inconsciente (2705)$$$unconscious, thoughtless
mágico, mágica (2708)$$$magic, magical
amargo, amarga (2710)$$$bitter, sour, painful
ﬁlosóﬁco, ﬁlosóﬁca (2716)$$$philosophical
marino, marina (2720)$$$marine, naval
culto, culta (2725)$$$cultured, educated
pensado, pensada (2734)$$$thought-out, designed
horrible (2738)$$$horrible
peculiar (2746)$$$peculiar
ejemplar (2747)$$$exemplary, model
bárbaro, bárbara (2757)$$$savage, horrible
autónomo, autónoma (2761)$$$autonomous
sonoro, sonora (2762)$$$loud, resounding
jurídico, jurídica (2769)$$$legal, juridical
ilustre (2771)$$$renowned, illustrious
blando, blanda (2783)$$$soft, limp, gentle
estable (2784)$$$stable, steady
dormido, dormida (2786)$$$asleep, sleeping
tímido, tímida (2795)$$$timid, shy, half-hearted
vasto, vasta (2799)$$$vast, immense, huge
frustrado, frustrada (2801)$$$frustrated
comprometido, comprometida (2803)$$$committed, engaged
consiguiente (2807)$$$consequent, resulting
aburrido, aburrida (2813)$$$boring, bored
recto, recta (2816)$$$right, straight, honest
socialista (2820)$$$socialist
espléndido, espléndida (2822)$$$splendid, generous
existente (2833)$$$existing
inclinado, inclinada (2835)$$$inclined, slanting
metálico, metálica (2842)$$$metallic
espectacular (2845)$$$spectacular
misterioso, misteriosa (2849)$$$mysterious
obrero, obrera (2851)$$$working class
administrativo, administrativa (2852)$$$administrative
singular (2854)$$$single, singular
crudo, cruda (2860)$$$raw, crude, natural
agotado, agotada (2861)$$$tired, used up, sold out
deportivo, deportiva (2862)$$$sports, sporty
químico, química (2864)$$$chemical
teórico, teórica (2866)$$$theoretical
ciudadano, ciudadana (2883)$$$community, citizen
prudente (2884)$$$sensible, prudent
telefónico, telefónica (2888)$$$telephone
racional (2890)$$$rational
indiferente (2902)$$$indifferent
inesperado, inesperada (2904)$$$unexpected, unforeseen
sincero, sincera (2915)$$$sincere
ideológico, ideológica (2917)$$$ideological
ligado, ligada (2926)$$$linked, joined
prolongado, prolongada (2929)$$$prolonged, lengthy
sordo, sorda (2933)$$$deaf, dull
admirable (2934)$$$admirable
voluntario, voluntaria (2953)$$$voluntary, volunteer
judicial (2957)$$$judicial
reservado, reservada (2960)$$$reserved, booked
legítimo, legítima (2966)$$$legitimate
convencional (2968)$$$conventional
gigantesco, gigantesca (2970)$$$giant, gigantic
tierno, tierna (2973)$$$tender, soft
aéreo, aérea (2975)$$$aerial, air
automático, automática (2984)$$$automatic
inquieto, inquieta (2986)$$$restless, anxious
helado, helada (2987)$$$iced, freezing, icy
plástico, plástica (2988)$$$plastic
vulgar (2991)$$$vulgar, common, banal
hábil (2997)$$$skillful, clever
destacado, destacada (3001)$$$outstanding, leading
encendido, encendida (3002)$$$turned on, burning
plano, plana (3005)$$$flat, plain, even, level
obligatorio, obligatoria (3007)$$$obligatory, compulsory
contemporáneo, contemporánea (3009)$$$contemporary
discreto, discreta (3025)$$$discreet, tactful
amoroso, amorosa (3028)$$$loving, affectionate
optimista (3030)$$$optimistic
delgado, delgada (3039)$$$thin, skinny
tenso, tensa (3043)$$$tight, tense
indirecto, indirecta (3061)$$$indirect
ejecutivo, ejecutiva (3065)$$$executive
referente (3073)$$$concerning
dotado, dotada (3083)$$$endowed, gifted
callado, callada (3095)$$$quiet, reserved
flexible (3097)$$$flexible
mediano, mediana (3103)$$$average, medium, ordinary
pacífico, pacífica (3105)$$$peaceful
contradictorio, contradictoria (3107)$$$contradictory
mortal (3112)$$$mortal, lethal, deadly
solemne (3115)$$$solemn
mudo, muda (3118)$$$mute, silent
sorprendido, sorprendida (3120)$$$surprised
psicológico, psicológica (3123)$$$psychological
preferible (3126)$$$preferable
célebre (3127)$$$famous, renowned
valiente (3131)$$$brave, courageous, bold
delicioso, deliciosa (3132)$$$delicious, delightful, charming
potente (3133)$$$potent, powerful
vuestro, vuestra (3137)$$$your all's . . . familiar
notorio, notoria (3138)$$$notorious, noticeable
sexto, sexta (3140)$$$sixth
electrónico, electrónica (3149)$$$electronic
quieto, quieta (3154)$$$still, motionless, calm
pálido, pálida (3161)$$$pale, ghastly, faded
animado, animada (3163)$$$excited, lively
chileno, chilena (3164)$$$Chilean
materno, materna (3167)$$$maternal
soltero, soltera (3175)$$$single, not married
vinculado, vinculada (3181)$$$connected
colgado, colgada (3185)$$$hanging
geográfico, geográfica (3194)$$$geographical
frágil (3202)$$$fragile, weak
ridículo, ridícula (3209)$$$ridiculous, absurd
irregular (3214)$$$irregular
genial (3216)$$$brilliant, inspired
gracioso, graciosa (3221)$$$funny, charming, amusing
intermedio, intermedia (3223)$$$interim, intermediate
temporal (3225)$$$temporary
distinguido, distinguida (3228)$$$distinguished
dudoso, dudosa (3230)$$$doubtful, dubious
lamentable (3232)$$$regrettable
interminable (3235)$$$endless, interminable
innecesario, innecesaria (3248)$$$unnecessary
verbal (3256)$$$verbal, oral
intacto, intacta (3259)$$$intact
procedente (3260)$$$coming, coming from
disponible (3262)$$$available
encantado, encantada (3264)$$$pleased, delighted
británico, británica (3265)$$$British
laboral (3268)$$$labor, industry
rubio, rubia (3269)$$$blonde, fair
enamorado, enamorada (3274)$$$in love
insuficiente (3278)$$$insufficient
sostenido, sostenida (3279)$$$sustained, steady
espantoso, espantosa (3281)$$$frightening, dreadful
financiero, financiera (3289)$$$financial
colonial (3293)$$$colonial
teatral (3295)$$$theatrical
vertical (3297)$$$vertical, upright
gratuito, gratuita (3299)$$$free, arbitrary, gratuitous
vegetal (3304)$$$plant, vegetable
usado, usada (3305)$$$worn out, old, used
ambicioso, ambiciosa (3310)$$$ambitious, greedy
policial (3311)$$$police
poético, poética (3312)$$$poetic
satisfactorio, satisfactoria (3316)$$$satisfactory
vago, vaga (3318)$$$vague
estúpido, estúpida (3319)$$$stupid, idiotic
honesto, honesta (3326)$$$honest
brusco, brusca (3332)$$$brusque, abrupt, sudden
iluminado, iluminada (3342)$$$illuminated
simbólico, simbólica (3349)$$$symbolic
heroico, heroica (3351)$$$heroic
décimo, décima (3355)$$$tenth
quemado, quemada (3365)$$$burned, burnt
vano, vana (3367)$$$vain, useless
casero, casera (3370)$$$homemade
molesto, molesta (3371)$$$annoyed, bothered, upset
auxiliar (3373)$$$auxiliary, ancillary
silencioso, silenciosa (3374)$$$quiet, silent
nativo, nativa (3381)$$$native
aceptable (3384)$$$acceptable, suitable
rotundo, rotunda (3388)$$$categorical
repentino, repentina (3394)$$$sudden
ansioso, ansiosa (3395)$$$anxious, eager
despacio, despacia (3398)$$$slow, slowly
innumerable (3399)$$$innumerable, countless
insoportable (3401)$$$unbearable, intolerable
electoral (3411)$$$electoral
formidable (3414)$$$formidable, tremendous
miserable (3441)$$$wretched, miserable
grato, grata (3442)$$$agreeable, pleasant
clave (3445)$$$key
enérgico, enérgica (3459)$$$energetic, vigorous
ignorante (3467)$$$ignorant
ilustrado, ilustrada (3473)$$$learned, illustrated
altísimo, altísima (3477)$$$very high, tall
estupendo, estupenda (3478)$$$marvelous, stupendous
restante (3482)$$$remaining
regional (3484)$$$regional
cómico, cómica (3485)$$$comic
tardío, tardía (3487)$$$late, belated
puntual (3498)$$$punctual
imaginario, imaginaria (3504)$$$imaginary
brutal (3505)$$$brutal, savage
disperso, dispersa (3506)$$$spread out
ingenuo, ingenua (3507)$$$naive, ingenuous
anual (3508)$$$annual, yearly
costoso, costosa (3514)$$$costly, expensive
repleto, repleta (3515)$$$full, overcrowded
asombroso, asombrosa (3526)$$$amazing
exigente (3530)$$$demanding, urgent
apto, apta (3535)$$$appropriate, fit, able
incierto, incierta (3536)$$$uncertain
espeso, espesa (3537)$$$thick, dense, stiff
apasionado, apasionada (3547)$$$passionate
abstracto, abstracta (3549)$$$abstract
creativo, creativa (3551)$$$creative
autoritario, autoritaria (3552)$$$authoritarian
subterráneo, subterránea (3555)$$$underground
feroz (3560)$$$ferocious, fierce
sistemático, sistemática (3567)$$$systematic
sumo, suma (3570)$$$utmost, highest
eficiente (3571)$$$efficient
invisible (3572)$$$invisible
rebelde (3576)$$$rebel
privilegiado, privilegiada (3579)$$$privileged
dominante (3583)$$$dominant, prevailing
tibio, tibia (3590)$$$lukewarm
sospechoso, sospechosa (3592)$$$suspicious
fabuloso, fabulosa (3596)$$$fabulous, fantastic
denso, densa (3605)$$$heavy, dense, thick
agrícola (3611)$$$agricultural, farming
mensual (3618)$$$monthly
torpe (3629)$$$clumsy, awkward, slow
liso, lisa (3632)$$$smooth, flat, straight
asustado, asustada (3633)$$$scared, frightened
propicio, propicia (3636)$$$appropriate, suitable
dicho, dicha (3644)$$$aforementioned, said
ambiguo, ambigua (3645)$$$ambiguous
encantador (3650)$$$charming
respetuoso, respetuosa (3653)$$$respectful
africano, africana (3654)$$$African
flaco, flaca (3673)$$$thin, frail
biológico, biológica (3674)$$$biological
emocional (3680)$$$emotional
diplomático, diplomática (3681)$$$diplomatic
progresivo, progresiva (3685)$$$progressive
glorioso, gloriosa (3689)$$$glorious
turco, turca (3691)$$$Turkish
poblado, poblada (3695)$$$populated
impreso, impresa (3697)$$$printed
inverso, inversa (3703)$$$inverse, opposite
funcional (3711)$$$functional
orgánico, orgánica (3716)$$$organic
comparable (3719)$$$comparable
marginal (3721)$$$marginal, minor
pardo, parda (3722)$$$brown, dark, dim
tendido, tendida (3727)$$$spread, hung, laid out
horizontal (3728)$$$horizontal
penoso, penosa (3737)$$$painful, laborious
preferido, preferida (3744)$$$preferred, favorite
insignificante (3747)$$$insignificant
preso, presa (3756)$$$imprisoned, confined
global (3760)$$$global, overall
oral (3773)$$$oral
parcial (3775)$$$partial, biased
masivo, masiva (3778)$$$mass, massive
desierto, desierta (3782)$$$deserted, desolate
educativo, educativa (3794)$$$educational
vigente (3801)$$$in force, valid
saludable (3803)$$$healthy, wholesome
apretado, apretada (3806)$$$tight, jammed
desaparecido, desaparecida (3813)$$$missing
pésimo, pésima (3817)$$$dreadful, awful
solar (3841)$$$solar
egoísta (3845)$$$selfish
exótico, exótica (3847)$$$exotic
fascinante (3853)$$$fascinating
áspero, áspera (3854)$$$rough, coarse, harsh
lujoso, lujosa (3866)$$$luxurious
hostil (3871)$$$hostile, unfriendly
tropical (3873)$$$tropical
franco, franca (3878)$$$open, frank, outspoken
inédito, inédita (3879)$$$unpublished
uniforme (3880)$$$uniform
integrante (3889)$$$integral, part of a group
lingüístico, lingüística (3890)$$$linguistic
mexicano, mexicana (3892)$$$Mexican
autorizado, autorizada (3896)$$$authorized
leal (3897)$$$loyal, faithful
cubano, cubana (3905)$$$Cuban
sangriento, sangrienta (3911)$$$bloody
matemático, matemática (3912)$$$mathematical
portugués (3913)$$$Portuguese
estático, estática (3923)$$$static, motionless
representativo, representativa (3930)$$$representative
furioso, furiosa (3939)$$$furious
estudioso, estudiosa (3940)$$$studious
vasco, vasca (3946)$$$Basque
complementario, complementaria (3948)$$$additional, complementary
insólito, insólita (3951)$$$unusual, uncommon
temeroso, temerosa (3952)$$$fearful
consagrado, consagrada (3956)$$$dedicated, consecrated
despierto, despierta (3958)$$$awake
embarazada (3969)$$$pregnant
latinoamericano, latinoamericana (3971)$$$Latin American
tecnológico, tecnológica (3972)$$$technological
desigual (3978)$$$unequal, uneven, irregular
civilizado, civilizada (4000)$$$civilized
indudable (4002)$$$unquestionable
lateral (4007)$$$side, lateral
arbitrario, arbitraria (4015)$$$arbitrary
respetable (4021)$$$respectable
diminuto, diminuta (4025)$$$diminutive, tiny, minute
celeste (4026)$$$heavenly, sky-blue
convincente (4030)$$$convincing
periodístico, periodística (4032)$$$journalistic
cariñoso, cariñosa (4033)$$$affectionate
acertado, acertada (4040)$$$correct, accurate
mediocre (4042)$$$mediocre
agitado, agitada (4045)$$$agitated, irritated
precario, precaria (4046)$$$precarious
sanitario, sanitaria (4047)$$$health, sanitary, clean
comprensible (4048)$$$understandable
cuidadoso, cuidadosa (4049)$$$careful, cautious
irracional (4053)$$$irrational
hundido, hundida (4055)$$$buried, sunken
dinámico, dinámica (4064)$$$dynamic
sereno, serena (4066)$$$serene, calm
retirado, retirada (4067)$$$retired, remote, secluded
refinado, refinada (4071)$$$refined
maldito, maldita (4088)$$$damned, wretched
inmóvil (4093)$$$immovable, motionless
grosero, grosera (4096)$$$crude, rude, crass
catalán (4097)$$$Catalan
relevante (4104)$$$relevant, significant
audaz (4107)$$$audacious, bold
disfrazado, disfrazada (4115)$$$disguised
ágil (4119)$$$agile
atrasado, atrasada (4120)$$$behind, slow
agradecido, agradecida (4123)$$$grateful, thankful
adicional (4124)$$$additional
condicionado, condicionada (4126)$$$conditioned
óptimo, óptima (4129)$$$optimum
súbito, súbita (4130)$$$sudden
incomprensible (4134)$$$incomprehensible
guapo, guapa (4140)$$$handsome, beautiful
inmerso, inmersa (4144)$$$engrossed, immersed
proveniente (4151)$$$coming from
primordial (4152)$$$fundamental, primary
genético, genética (4156)$$$genetic
infeliz (4161)$$$unhappy, unfortunate
compacto, compacta (4162)$$$compact, dense
criminal (4165)$$$criminal
coherente (4166)$$$coherent, connected
estratégico, estratégica (4171)$$$strategic
ético, ética (4173)$$$ethical
enterado, enterada (4175)$$$aware of
incipiente (4178)$$$incipient, beginning
alternativo, alternativa (4180)$$$alternating, alternative
expresivo, expresiva (4181)$$$expressive
estatal (4189)$$$state, government-owned
perpetuo, perpetua (4192)$$$continual, perpetual
estéril (4195)$$$sterile, barren
latente (4201)$$$latent
holandés (4206)$$$Dutch
enterrado, enterrada (4208)$$$buried
celoso, celosa (4211)$$$jealous
constitucional (4213)$$$constitutional
circular (4219)$$$circular
reflejado, reflejada (4224)$$$reflected
detallado, detallada (4228)$$$detailed, thorough
atrapado, atrapada (4234)$$$trapped
liviano, liviana (4242)$$$light, frivolous
entusiasmado, entusiasmada (4243)$$$enthused, excited
susceptible (4250)$$$susceptible
inolvidable (4251)$$$unforgettable
ruidoso, ruidosa (4261)$$$noisy
gigante (4264)$$$gigantic
semanal (4268)$$$weekly
clandestino, clandestina (4269)$$$undercover, clandestine
defensivo, defensiva (4270)$$$defensive
manual (4271)$$$manual
mixto, mixta (4277)$$$mixed, co-ed
penal (4285)$$$penal
pintoresco, pintoresca (4293)$$$picturesque
publicitario, publicitaria (4297)$$$advertising
virgen (4304)$$$virgin
matrimonial (4307)$$$matrimonial
equivalente (4308)$$$equivalent
deseable (4313)$$$desirable
pasivo, pasiva (4317)$$$passive
llamativo, llamativa (4322)$$$striking
justificado, justificada (4331)$$$justifiable, justified
fotográfico, fotográfica (4333)$$$photographic
desordenado, desordenada (4335)$$$messy, confused
gráfico, gráfica (4336)$$$graphic, explicit
revuelto, revuelta (4338)$$$confused, messed up
expreso, expresa (4345)$$$express, explicit
erótico, erótica (4349)$$$erotic
amenazado, amenazada (4350)$$$threatened
inminente (4351)$$$imminent
imperial (4357)$$$imperial, imperialist
inexplicable (4358)$$$unexplainable
peruano, peruana (4359)$$$Peruvian
experimental (4360)$$$experimental
opaco, opaca (4362)$$$dull, opaque, heavy
efímero, efímera (4371)$$$ephemeral, short-lived
invertido, invertida (4374)$$$reversed, inverted
transitorio, transitoria (4381)$$$transitory
mojado, mojada (4383)$$$wet
descalzo, descalza (4384)$$$barefoot
orientado, orientada (4385)$$$positioned, guided
presidencial (4388)$$$presidential
brasileño, brasileña (4391)$$$Brazilian
minucioso, minuciosa (4394)$$$meticulous, thorough
rústico, rústica (4395)$$$rustic, rural
apagado, apagada (4405)$$$turned off
comunitario, comunitaria (4416)$$$of the community
explícito, explícita (4417)$$$explicit
silvestre (4418)$$$wild
fiscal (4423)$$$fiscal, treasury
espacial (4424)$$$spatial, space
medieval (4426)$$$medieval
honrado, honrada (4428)$$$honest, respectable
veloz (4429)$$$fast, quick
monótono, monótona (4433)$$$monotonous
imprevisto, imprevista (4436)$$$unforeseen, unexpected
soviético, soviética (4438)$$$Soviet
potencial (4439)$$$potential
ambulante (4440)$$$traveling
perverso, perversa (4444)$$$perverse, wicked
ardiente (4446)$$$passionate, ardent
tenue (4450)$$$tenuous, flimsy
indiscutible (4452)$$$indisputable, unquestionable
sombrío, sombría (4455)$$$shady, dark, dismal
adolescente (4459)$$$adolescent
rosado, rosada (4461)$$$pink, rosy
amistoso, amistosa (4462)$$$friendly
perteneciente (4467)$$$pertaining, belonging
necesitado, necesitada (4470)$$$poor, needy
indefinido, indefinida (4471)$$$vague, indefinite
solidario, solidaria (4472)$$$united, jointly shared
paralizado, paralizada (4473)$$$paralyzed
inquietante (4478)$$$disquieting
visual (4479)$$$visual
republicano, republicana (4486)$$$republican
destruido, destruida (4487)$$$destroyed
trabajador (4489)$$$hardworking
grandioso, grandiosa (4491)$$$magnificent, grandiose
dichoso, dichosa (4497)$$$fortunate, happy
agrario, agraria (4499)$$$agrarian, agricultural
suizo, suiza (4500)$$$Swiss
presunto, presunta (4501)$$$alleged, presumed
vertiginoso, vertiginosa (4516)$$$dizzying
decente (4517)$$$respectable, decent
congelado, congelada (4518)$$$frozen
triple (4520)$$$triple
inseguro, insegura (4529)$$$unsure, unsafe
irónico, irónica (4536)$$$ironic, mocking
asombrado, asombrada (4541)$$$amazed, bewildered
sofisticado, sofisticada (4546)$$$sophisticated
ingenioso, ingeniosa (4549)$$$ingenious, clever
vulnerable (4554)$$$vulnerable
geométrico, geométrica (4557)$$$geometric
bendito, bendita (4560)$$$blessed
trascendente (4564)$$$transcendent
alarmante (4565)$$$alarming
pequeñito, pequeñita (4566)$$$very small, tiny
pasajero, pasajera (4570)$$$fleeting, transitory
turístico, turística (4572)$$$tourist
impecable (4575)$$$impeccable, faultless
soberbio, soberbia (4576)$$$proud, arrogant
sonriente (4579)$$$smiling
nulo, nula (4581)$$$void, null
implacable (4584)$$$relentless, implacable
productivo, productiva (4589)$$$productive, profitable
andaluz (4591)$$$Andalusian
institucional (4595)$$$institutional
vigoroso, vigorosa (4596)$$$vigorous, strong
atroz (4599)$$$atrocious
sabroso, sabrosa (4605)$$$delicious, tasty
larguísimo, larguísima (4608)$$$very long
simultáneo, simultánea (4609)$$$simultaneous
trascendental (4613)$$$far-reaching, transcendental
colorado, colorada (4614)$$$red, colored
prestigioso, prestigiosa (4620)$$$prestigious
crónico, crónica (4622)$$$chronic
bíblico, bíblica (4625)$$$biblical
paterno, paterna (4628)$$$paternal
acelerado, acelerada (4633)$$$accelerated, quick
árido, árida (4634)$$$arid, dry
caprichoso, caprichosa (4635)$$$capricious, whimsical
minúsculo, minúscula (4636)$$$minute, insignificant
provincial (4654)$$$provincial
ilegal (4659)$$$illegal
terrestre (4663)$$$earthly, of the earth
cordial (4666)$$$cordial, friendly
angustiado, angustiada (4668)$$$anguished, distressed
piadoso, piadosa (4671)$$$devout, pious, merciful
corporal (4672)$$$of the body, corporal
ilimitado, ilimitada (4674)$$$unlimited
esporádico, esporádica (4678)$$$sporadic
melancólico, melancólica (4684)$$$melancholy
móvil (4686)$$$mobile
robusto, robusta (4689)$$$strong, robust, sturdy
llano, llana (4694)$$$flat, level, plain
colombiano, colombiana (4695)$$$Colombian
angustioso, angustiosa (4699)$$$distressing
estadístico, estadística (4707)$$$statistical
maligno, maligna (2464710)$$$evil, malignant
comprensivo, comprensiva (4713)$$$understanding
hueco, hueca (4714)$$$hollow
elocuente (4719)$$$eloquent
afín (4726)$$$related, similar
usual (4729)$$$normal, usual
bancario, bancaria (4735)$$$bank, banking
afortunado, afortunada (4739)$$$fortunate
informativo, informativa (4744)$$$informative
importado, importada (4753)$$$imported
íntegro, íntegra (4754)$$$whole, entire, honest
extra (4756)$$$extra
recíproco, recíproca (4761)$$$reciprocal
fértil (4765)$$$fertile, rich
acomodado, acomodada (4768)$$$well-to-do, suitable
soberano, soberana (4782)$$$sovereign, self-assured
guerrero, guerrera (4787)$$$warrior, warlike
involuntario, involuntaria (4790)$$$involuntary
inexistente (4792)$$$non-existent
subjetivo, subjetiva (4793)$$$subjective
neutro, neutra (4801)$$$neutral
desconcertado, desconcertada (4808)$$$disoriented, disconcerted
impreciso, imprecisa (4825)$$$imprecise
previsible (4835)$$$foreseeable
frontal (4837)$$$frontal
monstruoso, monstruosa (4842)$$$monstrous
persistente (4843)$$$persistent
educado, educada (4846)$$$educated
irreversible (4847)$$$irreversible
prematuro, prematura (4853)$$$premature
rudo, ruda (4859)$$$rude, crude, coarse
cerebral (4860)$$$cerebral
pedagógico, pedagógica (4864)$$$pedagogical, teaching
grotesco, grotesca (4874)$$$grotesque, ridiculous
sumido, sumida (4876)$$$sunken, drowned
siniestro, siniestra (4880)$$$sinister
místico, mística (4881)$$$mystical
exento, extenta (4884)$$$exempt, free
clínico, clínica (4887)$$$clinical
callejero, callejera (4889)$$$of the street
mismísimo, mismísima (4900)$$$very same
contundente (4901)$$$decisive, blunt, forceful
séptimo, séptima (4905)$$$seventh
carente (4907)$$$lacking, devoid
nítido, nítida (4908)$$$clear, clean, neat
imponente (4909)$$$impressive, magnificent
secular (4911)$$$secular, lay
inseparable (4922)$$$inseparable
inestable (4926)$$$unstable, unsteady
frívolo, frívola (4936)$$$trivial, frivolous
prodigioso, prodigiosa (4938)$$$prodigious, famous
laborioso, laboriosa (4941)$$$laborious, industrious
eclesiástico, eclesiástica (4942)$$$ecclesiastical
confundido, confundida (4943)$$$confused
marrón (4951)$$$brown
sintético, sintética (4954)$$$synthetic
bélico, bélica (4955)$$$warlike
combinado, combinada (4956)$$$combined
parlamentario, parlamentaria (4961)$$$parliamentary
trasero, trasera (4962)$$$behind, back
irreal (4966)$$$unreal
entusiasta (4970)$$$enthusiastic
patriótico, patriótica (4972)$$$patriotic
aplastado, aplastada (4976)$$$crushed, flattened
rítmico, rítmica (4978)$$$rhythmic
hispano, hispana (4983)$$$Hispanic
constructivo, constructivo (4985)$$$constructive
ocasional (4987)$$$occasional, random
monumental (4990)$$$monumental
accesible (4992)$$$accesible